Player,Runs,BattingAverage,Strike Rate,Runs Conceded,Wickets,BowlingAverage,Economy Rate,PlayerType
KL Rahul,3895.0,39.343434343434346,132.79918172519604,0.0,0.0,0.0,0.0,MainBatsman
LMP Simmons,1079.0,37.206896551724135,122.89293849658314,0.0,0.0,0.0,0.0,MainBatsman
DA Warner,5883.0,36.31481481481482,136.40157662879665,0.0,0.0,0.0,0.0,Finisher
SE Marsh,2489.0,36.072463768115945,130.10977522216413,0.0,0.0,0.0,0.0,MainBatsman
CH Gayle,4997.0,35.43971631205674,142.1217292377702,755.0,18.0,41.94444444444444,7.756849315068493,Finisher
JC Buttler,2832.0,34.96296296296296,144.85933503836316,0.0,0.0,0.0,0.0,Finisher
ML Hayden,1107.0,34.59375,131.94278903456495,0.0,0.0,0.0,0.0,MainBatsman
MEK Hussey,1977.0,34.08620689655172,119.96359223300972,0.0,0.0,0.0,0.0,MainBatsman
RD Gaikwad,1207.0,33.52777777777778,127.72486772486774,0.0,0.0,0.0,0.0,MainBatsman
JM Bairstow,1291.0,33.1025641025641,138.07486631016044,0.0,0.0,0.0,0.0,Finisher
CA Lynn,1329.0,31.642857142857142,136.4476386036961,0.0,0.0,0.0,0.0,Finisher
F du Plessis,3403.0,31.220183486238533,127.16741405082213,0.0,0.0,0.0,0.0,MainBatsman
V Kohli,6634.0,30.855813953488372,125.97797189517661,0.0,0.0,0.0,8.431818181818182,MainBatsman
AB de Villiers,5181.0,30.476470588235294,148.58044164037855,0.0,0.0,0.0,0.0,Finisher
S Dhawan,6244.0,30.458536585365852,122.84084202242771,0.0,0.0,0.0,0.0,MainBatsman
Q de Kock,2767.0,30.07608695652174,130.9512541410317,0.0,0.0,0.0,0.0,MainBatsman
SR Tendulkar,2334.0,29.923076923076923,114.18786692759295,0.0,0.0,0.0,0.0,Batsman
RR Pant,2851.0,29.391752577319586,142.55,0.0,0.0,0.0,0.0,Finisher
KS Williamson,2105.0,28.445945945945947,123.31575864089046,0.0,0.0,0.0,0.0,Batsman
G Gambhir,4217.0,27.927152317880793,119.66515323496027,0.0,0.0,0.0,0.0,Batsman
KP Pietersen,1001.0,27.805555555555557,132.05804749340368,0.0,0.0,0.0,7.266666666666666,Batsman
SS Iyer,2780.0,27.8,121.13289760348584,0.0,0.0,0.0,0.0,Batsman
SK Raina,5536.0,27.68,132.53531242518554,1139.0,25.0,45.56,7.348387096774193,Batsman
AM Rahane,4074.0,27.527027027027028,117.57575757575758,0.0,0.0,0.0,0.0,Batsman
SR Watson,3880.0,27.5177304964539,134.1632088520055,2742.0,92.0,29.804347826086957,7.698642957416939,Allrounder
D Padikkal,1260.0,27.391304347826086,119.20529801324504,0.0,0.0,0.0,0.0,Batsman
Shubman Gill,1900.0,27.142857142857142,122.18649517684888,0.0,0.0,0.0,0.0,Batsman
DR Smith,2385.0,27.102272727272727,132.27953410981698,825.0,26.0,31.73076923076923,8.88689407540395,Batsman
JP Duminy,2029.0,27.053333333333335,120.77380952380952,847.0,23.0,36.82608695652174,7.249643366619115,Batsman
SPD Smith,2495.0,26.827956989247312,124.81240620310155,0.0,0.0,0.0,0.0,Batsman
Ishan Kishan,1870.0,26.714285714285715,129.50138504155123,0.0,0.0,0.0,0.0,Batsman
RG Sharma,5881.0,26.61085972850679,126.96459412780656,462.0,15.0,30.8,7.9426934097421205,Batsman
R Dravid,2174.0,26.51219512195122,113.34723670490095,0.0,0.0,0.0,0.0,Batsman
SV Samson,3526.0,26.51127819548872,132.40705970709726,0.0,0.0,0.0,0.0,Batsman
BB McCullum,2882.0,26.440366972477065,126.84859154929578,0.0,0.0,0.0,0.0,Batsman
V Sehwag,2728.0,26.23076923076923,148.82705946535734,0.0,0.0,0.0,10.26086956521739,Finisher
AC Gilchrist,2069.0,25.8625,133.05466237942122,0.0,0.0,0.0,0.0,Batsman
N Rana,2181.0,25.658823529411766,130.05366726296958,0.0,0.0,0.0,8.15267175572519,Batsman
JH Kallis,2427.0,25.54736842105263,105.93627237014405,2348.0,65.0,36.12307692307692,7.8310172317954425,Batsman
PP Shaw,1588.0,25.206349206349206,143.58047016274864,0.0,0.0,0.0,0.0,Finisher
AD Russell,2039.0,25.17283950617284,168.23432343234325,2214.0,89.0,24.876404494382022,8.951482479784367,Allrounder
RV Uthappa,4954.0,25.14720812182741,126.15227909345556,0.0,0.0,0.0,0.0,Batsman
M Vijay,2619.0,24.942857142857143,118.61413043478262,0.0,0.0,0.0,0.0,Batsman
KC Sangakkara,1687.0,24.808823529411764,118.4691011235955,0.0,0.0,0.0,0.0,Batsman
MK Pandey,3657.0,24.70945945945946,117.73985833869929,0.0,0.0,0.0,0.0,Batsman
SA Yadav,2644.0,24.48148148148148,134.0091231626964,0.0,0.0,0.0,0.0,Batsman
DA Miller,2455.0,24.306930693069308,133.56909684439609,0.0,0.0,0.0,0.0,Batsman
RA Tripathi,1798.0,24.2972972972973,137.04268292682926,0.0,0.0,0.0,0.0,Finisher
MS Dhoni,4978.0,24.28292682926829,130.93108890057866,0.0,0.0,0.0,0.0,Batsman
AT Rayudu,4190.0,24.21965317919075,124.14814814814814,0.0,0.0,0.0,0.0,Batsman
SC Ganguly,1349.0,24.089285714285715,101.73453996983409,0.0,0.0,0.0,7.928571428571429,Batsman
AJ Finch,2092.0,23.244444444444444,123.34905660377358,0.0,0.0,0.0,0.0,Batsman
DPMD Jayawardene,1808.0,23.17948717948718,118.7910643889619,0.0,0.0,0.0,0.0,Batsman
TM Dilshan,1153.0,23.06,110.12416427889207,0.0,0.0,0.0,8.02909090909091,Batsman
BJ Hodge,1400.0,22.22222222222222,121.42237640936686,310.0,17.0,18.235294117647058,7.815126050420169,Allrounder
S Badrinath,1441.0,22.16923076923077,115.74297188755021,0.0,0.0,0.0,0.0,Batsman
GJ Maxwell,2320.0,22.095238095238095,147.67663908338636,1087.0,28.0,38.82142857142857,8.122042341220425,Finisher
KK Nair,1496.0,22.0,125.503355704698,0.0,0.0,0.0,0.0,Batsman
Yuvraj Singh,2754.0,21.857142857142858,124.78477571363842,1091.0,36.0,30.305555555555557,7.421768707482993,Batsman
MA Agarwal,2335.0,21.822429906542055,129.5063782584581,0.0,0.0,0.0,0.0,Batsman
DJ Hussey,1322.0,21.672131147540984,120.07266121707538,0.0,0.0,0.0,9.009287925696594,Batsman
M Vohra,1073.0,21.46,125.93896713615023,0.0,0.0,0.0,0.0,Batsman
KD Karthik,4377.0,21.144927536231883,129.26757235676314,0.0,0.0,0.0,0.0,Batsman
YK Pathan,3222.0,21.058823529411764,138.04627249357327,1443.0,42.0,34.357142857142854,7.3125,Finisher
PA Patel,2848.0,20.941176470588236,116.62571662571663,0.0,0.0,0.0,0.0,Batsman
WP Saha,2427.0,20.743589743589745,124.39774474628396,0.0,0.0,0.0,0.0,Batsman
SS Tiwary,1494.0,20.465753424657535,115.72424477149497,0.0,0.0,0.0,0.0,Batsman
KA Pollard,3437.0,20.458333333333332,140.45770331017573,2200.0,69.0,31.884057971014492,8.32282471626734,Finisher
MK Tiwary,1695.0,20.42168674698795,113.83478844862324,0.0,0.0,0.0,0.0,Batsman
HH Pandya,1972.0,19.72,140.2560455192034,1566.0,50.0,31.32,8.518585675430643,Finisher
EJG Morgan,1406.0,19.0,119.05165114309906,0.0,0.0,0.0,0.0,Player
LRPL Taylor,1017.0,18.833333333333332,120.07083825265643,0.0,0.0,0.0,0.0,Player
MP Stoinis,1070.0,18.135593220338983,131.61131611316114,1072.0,34.0,31.529411764705884,9.528888888888888,Player
Mandeep Singh,1692.0,18.0,120.68473609129815,0.0,0.0,0.0,0.0,Player
NV Ojha,1554.0,16.53191489361702,114.26470588235293,0.0,0.0,0.0,0.0,Player
DJ Hooda,1237.0,16.493333333333332,127.52577319587628,0.0,0.0,0.0,8.440111420612814,Player
KH Pandya,1326.0,16.170731707317074,132.20338983050848,2066.0,61.0,33.868852459016395,7.18608695652174,Player
RA Jadeja,2502.0,15.936305732484076,122.10834553440704,4114.0,132.0,31.166666666666668,7.5671367259350095,Player
KM Jadhav,1196.0,14.95,119.36127744510978,0.0,0.0,0.0,0.0,Player
DJ Bravo,1560.0,14.181818181818182,125.10024057738573,4436.0,183.0,24.240437158469945,8.075242718446603,Bowler
IK Pathan,1150.0,14.024390243902438,116.75126903553299,2711.0,80.0,33.8875,7.698059630856601,Player
AR Patel,1135.0,13.045977011494253,123.5038084874864,3140.0,101.0,31.08910891089109,7.248941900731051,Player
SP Narine,1025.0,12.5,154.36746987951807,3907.0,152.0,25.70394736842105,6.667235494880547,Finisher
Sohail Tanvir,0.0,0.0,0.0,275.0,22.0,12.5,6.226415094339623,MainBowler
Mohsin Khan,0.0,0.0,0.0,202.0,14.0,14.428571428571429,5.883495145631068,MainBowler
CK Langeveldt,0.0,0.0,0.0,199.0,13.0,15.307692307692308,7.236363636363636,MainBowler
Umar Gul,0.0,0.0,0.0,198.0,12.0,16.5,7.764705882352942,MainBowler
A Zampa,0.0,0.0,0.0,373.0,21.0,17.761904761904763,7.664383561643836,MainBowler
CRD Fernando,0.0,0.0,0.0,306.0,17.0,18.0,7.373493975903614,MainBowler
L Ngidi,0.0,0.0,0.0,460.0,25.0,18.4,8.070175438596491,MainBowler
DE Bollinger,0.0,0.0,0.0,716.0,38.0,18.842105263157894,7.16,MainBowler
PWH de Silva,0.0,0.0,0.0,499.0,26.0,19.192307692307693,7.837696335078535,MainBowler
AD Mascarenhas,0.0,0.0,0.0,365.0,19.0,19.210526315789473,7.064516129032258,MainBowler
MF Maharoof,0.0,0.0,0.0,532.0,27.0,19.703703703703702,7.238095238095237,MainBowler
K Rabada,0.0,0.0,0.0,2023.0,102.0,19.833333333333332,8.102803738317757,MainBowler
R Rampaul,0.0,0.0,0.0,319.0,16.0,19.9375,6.884892086330935,MainBowler
WPUJC Vaas,0.0,0.0,0.0,364.0,18.0,20.22222222222222,7.583333333333333,Bowler
SL Malinga,0.0,0.0,0.0,3486.0,170.0,20.50588235294118,7.032952252858103,Bowler
YA Abdulla,0.0,0.0,0.0,311.0,15.0,20.733333333333334,8.405405405405405,Bowler
Imran Tahir,0.0,0.0,0.0,1729.0,82.0,21.085365853658537,7.741791044776119,Bowler
MA Starc,0.0,0.0,0.0,725.0,34.0,21.323529411764707,7.107843137254902,Bowler
Rashid Khan,0.0,0.0,0.0,2411.0,112.0,21.526785714285715,6.481182795698924,Bowler
JC Archer,0.0,0.0,0.0,1008.0,46.0,21.91304347826087,7.048951048951048,Bowler
MR Marsh,0.0,0.0,0.0,528.0,24.0,22.0,7.783783783783784,Bowler
OC McCoy,0.0,0.0,0.0,242.0,11.0,22.0,8.39306358381503,Bowler
A Nortje,0.0,0.0,0.0,946.0,43.0,22.0,8.039660056657224,Bowler
A Ashish Reddy,0.0,0.0,0.0,400.0,18.0,22.22222222222222,8.88888888888889,Bowler
M Theekshana,0.0,0.0,0.0,267.0,12.0,22.25,7.556603773584906,Bowler
A Chandila,0.0,0.0,0.0,245.0,11.0,22.272727272727273,6.282051282051283,Bowler
YS Chahal,0.0,0.0,0.0,3699.0,166.0,22.283132530120483,7.548979591836735,Bowler
CR Woakes,0.0,0.0,0.0,674.0,30.0,22.466666666666665,8.734341252699783,Bowler
BW Hilfenhaus,0.0,0.0,0.0,497.0,22.0,22.59090909090909,7.646153846153846,Bowler
KK Ahmed,0.0,0.0,0.0,1116.0,49.0,22.775510204081634,8.276885043263288,Bowler
A Singh,0.0,0.0,0.0,639.0,28.0,22.821428571428573,7.888888888888889,Bowler
S Lamichhane,0.0,0.0,0.0,297.0,13.0,22.846153846153847,8.445497630331754,Bowler
Umran Malik,0.0,0.0,0.0,551.0,24.0,22.958333333333332,8.52061855670103,Bowler
HV Patel,0.0,0.0,0.0,2262.0,97.0,23.31958762886598,8.151351351351352,Bowler
MM Patel,0.0,0.0,0.0,1733.0,74.0,23.41891891891892,7.523878437047757,Bowler
NM Coulter-Nile,0.0,0.0,0.0,1125.0,48.0,23.4375,7.5672645739910305,Bowler
S Aravind,0.0,0.0,0.0,1057.0,45.0,23.488888888888887,8.048223350253807,Bowler
JR Hazlewood,0.0,0.0,0.0,754.0,32.0,23.5625,8.007079646017699,Bowler
JJ Bumrah,0.0,0.0,0.0,3499.0,148.0,23.64189189189189,7.348267413370669,Bowler
KK Cooper,0.0,0.0,0.0,789.0,33.0,23.90909090909091,7.89,Bowler
AB McDonald,0.0,0.0,0.0,263.0,11.0,23.90909090909091,8.393617021276597,Bowler
AJ Tye,0.0,0.0,0.0,1005.0,42.0,23.928571428571427,8.445378151260504,Bowler
A Nehra,0.0,0.0,0.0,2537.0,106.0,23.933962264150942,7.711246200607903,Bowler
KW Richardson,0.0,0.0,0.0,479.0,20.0,23.95,8.330434782608695,Bowler
RJ Harris,0.0,0.0,0.0,1085.0,45.0,24.11111111111111,7.526011560693642,Bowler
A Kumble,0.0,0.0,0.0,1089.0,45.0,24.2,6.646998982706002,Bowler
A Mishra,0.0,0.0,0.0,4022.0,166.0,24.228915662650603,7.275248718721736,Bowler
VY Mahesh,0.0,0.0,0.0,511.0,21.0,24.333333333333332,8.540389972144848,Bowler
Azhar Mahmood,0.0,0.0,0.0,707.0,29.0,24.379310344827587,7.684782608695652,Bowler
JO Holder,0.0,0.0,0.0,1199.0,49.0,24.46938775510204,8.240549828178693,Bowler
RE van der Merwe,0.0,0.0,0.0,515.0,21.0,24.523809523809526,6.791208791208791,Bowler
CH Morris,0.0,0.0,0.0,2377.0,96.0,24.760416666666668,7.918933925596891,Bowler
Avesh Khan,0.0,0.0,0.0,1190.0,48.0,24.791666666666668,8.225806451612902,Bowler
GB Hogg,0.0,0.0,0.0,585.0,23.0,25.434782608695652,7.532188841201716,Bowler
D Wiese,0.0,0.0,0.0,409.0,16.0,25.5625,8.491349480968857,Bowler
SK Warne,0.0,0.0,0.0,1465.0,57.0,25.70175438596491,7.187244480784955,Bowler
MJ McClenaghan,0.0,0.0,0.0,1839.0,71.0,25.901408450704224,8.197622585438335,Bowler
RD Chahar,0.0,0.0,0.0,1497.0,57.0,26.263157894736842,7.441590720795361,Bowler
MM Ali,0.0,0.0,0.0,631.0,24.0,26.291666666666668,6.712765957446809,Bowler
S Gopal,0.0,0.0,0.0,1291.0,49.0,26.346938775510203,8.085594989561587,Bowler
B Kumar,0.0,0.0,0.0,4064.0,154.0,26.38961038961039,7.205673758865248,Bowler
Mukesh Choudhary,0.0,0.0,0.0,425.0,16.0,26.5625,8.762886597938143,Bowler
DW Steyn,0.0,0.0,0.0,2583.0,97.0,26.628865979381445,6.791411042944785,Bowler
Sandeep Sharma,0.0,0.0,0.0,3046.0,114.0,26.719298245614034,7.618174239266361,Bowler
P Awana,0.0,0.0,0.0,1046.0,39.0,26.82051282051282,8.108527131782946,Bowler
RP Singh,0.0,0.0,0.0,2417.0,90.0,26.855555555555554,7.7385272145144075,Bowler
Yash Dayal,0.0,0.0,0.0,296.0,11.0,26.90909090909091,8.663414634146342,Bowler
Karanveer Singh,0.0,0.0,0.0,323.0,12.0,26.916666666666668,9.098591549295774,Bowler
PP Ojha,0.0,0.0,0.0,2399.0,89.0,26.95505617977528,7.40051413881748,Bowler
MM Sharma,0.0,0.0,0.0,2488.0,92.0,27.043478260869566,8.316434540389972,Bowler
WD Parnell,0.0,0.0,0.0,731.0,27.0,27.074074074074073,7.297836938435941,Bowler
Arshdeep Singh,0.0,0.0,0.0,1086.0,40.0,27.15,8.114570361145704,Bowler
P Negi,0.0,0.0,0.0,954.0,35.0,27.257142857142856,7.809004092769442,Bowler
Harbhajan Singh,0.0,0.0,0.0,4101.0,150.0,27.34,7.038329519450801,Bowler
RS Bopara,0.0,0.0,0.0,301.0,11.0,27.363636363636363,8.47887323943662,Bowler
Kuldeep Yadav,0.0,0.0,0.0,1671.0,61.0,27.39344262295082,8.224774405250205,Bowler
L Balaji,0.0,0.0,0.0,2083.0,76.0,27.407894736842106,7.940279542566708,Bowler
TA Boult,0.0,0.0,0.0,2522.0,92.0,27.41304347826087,8.135483870967743,Bowler
KV Sharma,0.0,0.0,0.0,1645.0,60.0,27.416666666666668,7.966101694915254,Bowler
R Sharma,0.0,0.0,0.0,1100.0,40.0,27.5,7.0588235294117645,Bowler
AS Joseph,0.0,0.0,0.0,358.0,13.0,27.53846153846154,8.95,Bowler
M Muralitharan,0.0,0.0,0.0,1765.0,64.0,27.578125,6.698292220113853,Bowler
Harmeet Singh,0.0,0.0,0.0,747.0,27.0,27.666666666666668,7.80836236933798,Bowler
M Morkel,0.0,0.0,0.0,2136.0,77.0,27.74025974025974,7.5432607416127135,Bowler
Z Khan,0.0,0.0,0.0,2860.0,103.0,27.766990291262136,7.539543057996484,Bowler
PP Chawla,0.0,0.0,0.0,4368.0,157.0,27.821656050955415,7.9202175883952854,Bowler
SW Tait,0.0,0.0,0.0,668.0,24.0,27.833333333333332,7.50561797752809,Bowler
SM Pollock,0.0,0.0,0.0,307.0,11.0,27.90909090909091,6.578571428571429,Bowler
MG Johnson,0.0,0.0,0.0,1740.0,62.0,28.06451612903226,8.024596464258263,Bowler
Iqbal Abdulla,0.0,0.0,0.0,1125.0,40.0,28.125,7.158006362672323,Bowler
CV Varun,0.0,0.0,0.0,1186.0,42.0,28.238095238095237,7.173387096774194,Bowler
J Theron,0.0,0.0,0.0,311.0,11.0,28.272727272727273,7.940425531914894,Bowler
JA Morkel,0.0,0.0,0.0,2409.0,85.0,28.341176470588234,7.998893193137797,Bowler
LH Ferguson,0.0,0.0,0.0,1093.0,38.0,28.763157894736842,8.146583850931677,Bowler
SN Thakur,0.0,0.0,0.0,2371.0,82.0,28.914634146341463,8.621818181818181,Bowler
R Vinay Kumar,0.0,0.0,0.0,3041.0,105.0,28.961904761904762,8.346752058554436,Bowler
R Bhatia,0.0,0.0,0.0,2059.0,71.0,29.0,7.437688139674895,Bowler
DP Nannes,0.0,0.0,0.0,815.0,28.0,29.107142857142858,7.097242380261249,Bowler
JL Pattinson,0.0,0.0,0.0,321.0,11.0,29.181818181818183,8.675675675675677,Bowler
DS Kulkarni,0.0,0.0,0.0,2513.0,86.0,29.22093023255814,8.037313432835822,Bowler
Ravi Bishnoi,0.0,0.0,0.0,1083.0,37.0,29.27027027027027,7.400911161731207,Bowler
R Ashwin,0.0,0.0,0.0,4596.0,157.0,29.273885350318473,6.852882703777336,Bowler
T Natarajan,0.0,0.0,0.0,1116.0,38.0,29.36842105263158,8.443883984867592,Bowler
DL Chahar,0.0,0.0,0.0,1739.0,59.0,29.47457627118644,7.533574007220217,Bowler
CR Brathwaite,0.0,0.0,0.0,384.0,13.0,29.53846153846154,8.661654135338345,Bowler
Shakib Al Hasan,0.0,0.0,0.0,1864.0,63.0,29.58730158730159,7.3821782178217825,Bowler
AC Thomas,0.0,0.0,0.0,416.0,14.0,29.714285714285715,7.63302752293578,Bowler
S Sreesanth,0.0,0.0,0.0,1221.0,41.0,29.78048780487805,7.736008447729672,Bowler
Mohammed Shami,0.0,0.0,0.0,2954.0,99.0,29.838383838383837,8.36827195467422,Bowler
SK Trivedi,0.0,0.0,0.0,1944.0,65.0,29.907692307692308,7.491329479768787,Bowler
S Badree,0.0,0.0,0.0,329.0,11.0,29.90909090909091,7.505703422053232,Bowler
UT Yadav,0.0,0.0,0.0,4041.0,135.0,29.933333333333334,8.232937181663837,Bowler
Mustafizur Rahman,0.0,0.0,0.0,1389.0,46.0,30.195652173913043,7.6740331491712706,Player
JP Faulkner,0.0,0.0,0.0,1849.0,61.0,30.311475409836067,8.620046620046619,Player
ST Jayasuriya,0.0,0.0,0.0,396.0,13.0,30.46153846153846,7.893687707641195,Player
AB Dinda,0.0,0.0,0.0,2103.0,69.0,30.47826086956522,7.940843297671492,Player
JD Unadkat,0.0,0.0,0.0,2806.0,92.0,30.5,8.66941297631308,Player
GD McGrath,0.0,0.0,0.0,366.0,12.0,30.5,6.674772036474164,Player
LR Shukla,0.0,0.0,0.0,458.0,15.0,30.533333333333335,8.429447852760736,Player
S Kaul,0.0,0.0,0.0,1772.0,58.0,30.551724137931036,8.588045234248789,Player
C Sakariya,0.0,0.0,0.0,521.0,17.0,30.647058823529413,7.718518518518518,Player
M Markande,0.0,0.0,0.0,522.0,17.0,30.705882352941178,8.580821917808219,Player
PV Tambe,0.0,0.0,0.0,866.0,28.0,30.928571428571427,7.70919881305638,Player
MC Henriques,0.0,0.0,0.0,1302.0,42.0,31.0,7.9795709908069465,Player
PJ Cummins,0.0,0.0,0.0,1405.0,45.0,31.22222222222222,8.472361809045227,Player
SB Jakati,0.0,0.0,0.0,1474.0,47.0,31.361702127659573,8.032697547683924,Player
SM Curran,0.0,0.0,0.0,1005.0,32.0,31.40625,8.854625550660792,Player
Mujeeb Ur Rahman,0.0,0.0,0.0,598.0,19.0,31.473684210526315,7.938053097345133,Player
SJ Srivastava,0.0,0.0,0.0,444.0,14.0,31.714285714285715,8.705882352941176,Player
TS Mills,0.0,0.0,0.0,349.0,11.0,31.727272727272727,9.605504587155963,Player
J Suchith,0.0,0.0,0.0,604.0,19.0,31.789473684210527,8.350230414746544,Player
DL Vettori,0.0,0.0,0.0,894.0,28.0,31.928571428571427,6.83312101910828,Player
Shivam Mavi,0.0,0.0,0.0,958.0,30.0,31.933333333333334,8.366812227074236,Player
DT Christian,0.0,0.0,0.0,1218.0,38.0,32.05263157894737,7.926247288503254,Player
Mohammad Nabi,0.0,0.0,0.0,417.0,13.0,32.07692307692308,7.252173913043478,Player
DJG Sammy,0.0,0.0,0.0,354.0,11.0,32.18181818181818,8.704918032786885,Player
CJ Jordan,0.0,0.0,0.0,870.0,27.0,32.22222222222222,9.04679376083189,Player
M Ashwin,0.0,0.0,0.0,1129.0,35.0,32.25714285714286,7.759450171821307,Player
J Botha,0.0,0.0,0.0,818.0,25.0,32.72,6.922425952045134,Player
STR Binny,0.0,0.0,0.0,763.0,23.0,33.17391304347826,7.4926350245499185,Player
Mohammed Siraj,0.0,0.0,0.0,1992.0,60.0,33.2,8.524964336661911,Player
TK Curran,0.0,0.0,0.0,432.0,13.0,33.23076923076923,10.285714285714285,Player
NLTC Perera,0.0,0.0,0.0,1031.0,31.0,33.25806451612903,8.651748251748252,Player
PJ Sangwan,0.0,0.0,0.0,1267.0,38.0,33.3421052631579,8.399999999999999,Player
R Tewatia,0.0,0.0,0.0,1102.0,33.0,33.39393939393939,7.76056338028169,Player
Washington Sundar,0.0,0.0,0.0,1116.0,33.0,33.81818181818182,7.215517241379311,Player
IC Pandey,0.0,0.0,0.0,609.0,18.0,33.833333333333336,7.791044776119403,Player
BA Bhatt,0.0,0.0,0.0,408.0,12.0,34.0,8.07920792079208,Player
R Dhawan,0.0,0.0,0.0,819.0,24.0,34.125,7.775316455696203,Player
Bipul Sharma,0.0,0.0,0.0,581.0,17.0,34.1764705882353,7.9954128440366965,Player
RP Meredith,0.0,0.0,0.0,412.0,12.0,34.333333333333336,8.553633217993081,Player
A Symonds,0.0,0.0,0.0,694.0,20.0,34.7,7.711111111111111,Player
VR Aaron,0.0,0.0,0.0,1527.0,44.0,34.70454545454545,8.60281690140845,Player
M Prasidh Krishna,0.0,0.0,0.0,1741.0,50.0,34.82,8.485783915515842,Player
Joginder Sharma,0.0,0.0,0.0,421.0,12.0,35.083333333333336,9.286764705882353,Player
AS Rajpoot,0.0,0.0,0.0,844.0,24.0,35.166666666666664,8.93121693121693,Player
Anureet Singh,0.0,0.0,0.0,636.0,18.0,35.333333333333336,8.874418604651163,Player
MS Gony,0.0,0.0,0.0,1317.0,37.0,35.5945945945946,8.542702702702702,Player
BA Stokes,0.0,0.0,0.0,1005.0,28.0,35.892857142857146,8.410041841004183,Player
Shahbaz Ahmed,0.0,0.0,0.0,478.0,13.0,36.76923076923077,8.410557184750733,Player
P Kumar,0.0,0.0,0.0,3342.0,90.0,37.13333333333333,7.604095563139931,Player
S Nadeem,0.0,0.0,0.0,1800.0,48.0,37.5,7.4792243767313025,Player
K Gowtham,0.0,0.0,0.0,677.0,18.0,37.611111111111114,8.358024691358025,Player
TG Southee,0.0,0.0,0.0,1695.0,45.0,37.666666666666664,8.295269168026103,Player
DR Sams,0.0,0.0,0.0,528.0,14.0,37.714285714285715,8.143958868894602,Player
Ankit Sharma,0.0,0.0,0.0,453.0,12.0,37.75,7.247999999999999,Player
I Sharma,0.0,0.0,0.0,2779.0,72.0,38.59722222222222,7.977990430622009,Player
Basil Thampi,0.0,0.0,0.0,862.0,22.0,39.18181818181818,9.595547309833023,Player
JR Hopes,0.0,0.0,0.0,562.0,14.0,40.142857142857146,9.138211382113822,Player
BB Sran,0.0,0.0,0.0,767.0,19.0,40.36842105263158,8.918604651162791,Player
AB Agarkar,0.0,0.0,0.0,1174.0,29.0,40.48275862068966,8.590243902439024,Player
AD Mathews,0.0,0.0,0.0,1095.0,27.0,40.55555555555556,8.141263940520446,Player
Kartik Tyagi,0.0,0.0,0.0,576.0,14.0,41.142857142857146,8.907216494845361,Player
RR Powar,0.0,0.0,0.0,538.0,13.0,41.38461538461539,7.28668171557562,Player
Pankaj Singh,0.0,0.0,0.0,472.0,11.0,42.90909090909091,9.106109324758842,Player
AN Ahmed,0.0,0.0,0.0,515.0,12.0,42.916666666666664,8.535911602209945,Player
Navdeep Saini,0.0,0.0,0.0,928.0,21.0,44.19047619047619,8.474885844748858,Player
B Lee,0.0,0.0,0.0,1126.0,25.0,45.04,7.3755458515283845,Player
M Kartik,0.0,0.0,0.0,1418.0,31.0,45.74193548387097,7.197969543147208,Player
VRV Singh,0.0,0.0,0.0,549.0,12.0,45.75,8.878706199460916,Player
R McLaren,0.0,0.0,0.0,558.0,12.0,46.5,9.0,Player
CJ Anderson,0.0,0.0,0.0,525.0,11.0,47.72727272727273,10.0,Player
FH Edwards,0.0,0.0,0.0,0.0,0.0,0.0,6.4,Player
SMSM Senanayake,0.0,0.0,0.0,0.0,0.0,0.0,6.492307692307692,Player
IS Sodhi,0.0,0.0,0.0,0.0,0.0,0.0,6.725274725274725,Player
J Yadav,0.0,0.0,0.0,0.0,0.0,0.0,6.754010695187166,Player
T Thushara,0.0,0.0,0.0,0.0,0.0,0.0,6.833333333333333,Player
KMDN Kulasekara,0.0,0.0,0.0,0.0,0.0,0.0,6.841121495327102,Player
MJ Santner,0.0,0.0,0.0,0.0,0.0,0.0,6.9344262295081975,Player
SE Bond,0.0,0.0,0.0,0.0,0.0,0.0,7.068062827225131,Player
AG Murtaza,0.0,0.0,0.0,0.0,0.0,0.0,7.182156133828997,Player
M Ntini,0.0,0.0,0.0,0.0,0.0,0.0,7.23943661971831,Player
BAW Mendis,0.0,0.0,0.0,0.0,0.0,0.0,7.403225806451613,Player
S Randiv,0.0,0.0,0.0,0.0,0.0,0.0,7.433333333333334,Player
SB Styris,0.0,0.0,0.0,0.0,0.0,0.0,7.513513513513514,Player
VS Malik,0.0,0.0,0.0,0.0,0.0,0.0,7.584905660377358,Player
Simarjeet Singh,0.0,0.0,0.0,0.0,0.0,0.0,7.592920353982301,Player
Anand Rajan,0.0,0.0,0.0,0.0,0.0,0.0,7.62962962962963,Player
S Sandeep Warrier,0.0,0.0,0.0,0.0,0.0,0.0,7.6415094339622645,Player
AL Menaria,0.0,0.0,0.0,0.0,0.0,0.0,7.646017699115044,Player
B Akhil,0.0,0.0,0.0,0.0,0.0,0.0,7.647668393782384,Player
Harpreet Brar,0.0,0.0,0.0,0.0,0.0,0.0,7.682432432432433,Player
Shahid Afridi,0.0,0.0,0.0,0.0,0.0,0.0,7.686486486486487,Player
DP Vijaykumar,0.0,0.0,0.0,0.0,0.0,0.0,7.735849056603773,Player
Ankit Soni,0.0,0.0,0.0,0.0,0.0,0.0,7.767857142857143,Player
MN Samuels,0.0,0.0,0.0,0.0,0.0,0.0,7.808219178082192,Player
TL Suman,0.0,0.0,0.0,0.0,0.0,0.0,7.815789473684211,Player
JD Ryder,0.0,0.0,0.0,0.0,0.0,0.0,7.817427385892117,Player
Lalit Yadav,0.0,0.0,0.0,0.0,0.0,0.0,7.824742268041238,Player
KP Appanna,0.0,0.0,0.0,0.0,0.0,0.0,7.864864864864865,Player
AM Salvi,0.0,0.0,0.0,0.0,0.0,0.0,7.884615384615385,Player
KMA Paul,0.0,0.0,0.0,0.0,0.0,0.0,7.966666666666667,Player
AA Chavan,0.0,0.0,0.0,0.0,0.0,0.0,7.976470588235294,Player
V Shankar,0.0,0.0,0.0,0.0,0.0,0.0,8.0,Player
B Stanlake,0.0,0.0,0.0,0.0,0.0,0.0,8.0,Player
A Choudhary,0.0,0.0,0.0,0.0,0.0,0.0,8.0,Player
DJ Willey,0.0,0.0,0.0,0.0,0.0,0.0,8.078740157480315,Player
M Jansen,0.0,0.0,0.0,0.0,0.0,0.0,8.091286307053942,Player
SS Cottrell,0.0,0.0,0.0,0.0,0.0,0.0,8.106870229007633,Player
AM Nayar,0.0,0.0,0.0,0.0,0.0,0.0,8.108786610878662,Player
PC Valthaty,0.0,0.0,0.0,0.0,0.0,0.0,8.117647058823529,Player
Abhishek Sharma,0.0,0.0,0.0,0.0,0.0,0.0,8.124223602484472,Player
SB Wagh,0.0,0.0,0.0,0.0,0.0,0.0,8.166666666666668,Player
Parvez Rasool,0.0,0.0,0.0,0.0,0.0,0.0,8.19,Player
JE Taylor,0.0,0.0,0.0,0.0,0.0,0.0,8.213114754098362,Player
NT Ellis,0.0,0.0,0.0,0.0,0.0,0.0,8.222222222222223,Player
S Tyagi,0.0,0.0,0.0,0.0,0.0,0.0,8.290909090909091,Player
Kamran Khan,0.0,0.0,0.0,0.0,0.0,0.0,8.406779661016948,Player
C de Grandhomme,0.0,0.0,0.0,0.0,0.0,0.0,8.42608695652174,Player
PVD Chameera,0.0,0.0,0.0,0.0,0.0,0.0,8.482014388489208,Player
HF Gurney,0.0,0.0,0.0,0.0,0.0,0.0,8.485207100591715,Player
P Sahu,0.0,0.0,0.0,0.0,0.0,0.0,8.523364485981308,Player
P Parameswaran,0.0,0.0,0.0,0.0,0.0,0.0,8.528301886792452,Player
V Pratap Singh,0.0,0.0,0.0,0.0,0.0,0.0,8.530805687203792,Player
LS Livingstone,0.0,0.0,0.0,0.0,0.0,0.0,8.6,Player
JP Behrendorff,0.0,0.0,0.0,0.0,0.0,0.0,8.615384615384615,Player
P Suyal,0.0,0.0,0.0,0.0,0.0,0.0,8.635514018691588,Player
SB Bangar,0.0,0.0,0.0,0.0,0.0,0.0,8.666666666666666,Player
Shivam Sharma,0.0,0.0,0.0,0.0,0.0,0.0,8.68421052631579,Player
S Kaushik,0.0,0.0,0.0,0.0,0.0,0.0,8.685714285714285,Player
JEC Franklin,0.0,0.0,0.0,0.0,0.0,0.0,8.70967741935484,Player
J Syed Mohammad,0.0,0.0,0.0,0.0,0.0,0.0,8.755102040816325,Player
M de Lange,0.0,0.0,0.0,0.0,0.0,0.0,8.844827586206897,Player
LE Plunkett,0.0,0.0,0.0,0.0,0.0,0.0,8.883116883116884,Player
JDP Oram,0.0,0.0,0.0,0.0,0.0,0.0,8.901639344262295,Player
RR Raje,0.0,0.0,0.0,0.0,0.0,0.0,8.916666666666668,Player
BCJ Cutting,0.0,0.0,0.0,0.0,0.0,0.0,8.958333333333334,Player
Shoaib Ahmed,0.0,0.0,0.0,0.0,0.0,0.0,8.970873786407767,Player
VG Arora,0.0,0.0,0.0,0.0,0.0,0.0,9.0,Player
KA Jamieson,0.0,0.0,0.0,0.0,0.0,0.0,9.083798882681563,Player
BE Hendricks,0.0,0.0,0.0,0.0,0.0,0.0,9.13375796178344,Player
Y Venugopal Rao,0.0,0.0,0.0,0.0,0.0,0.0,9.135135135135135,Player
KR Sen,0.0,0.0,0.0,0.0,0.0,0.0,9.171974522292995,Player
A Mithun,0.0,0.0,0.0,0.0,0.0,0.0,9.173076923076923,Player
JDS Neesham,0.0,0.0,0.0,0.0,0.0,0.0,9.243243243243244,Player
T Shamsi,0.0,0.0,0.0,0.0,0.0,0.0,9.25,Player
Mohammad Asif,0.0,0.0,0.0,0.0,0.0,0.0,9.256281407035175,Player
D Pretorius,0.0,0.0,0.0,0.0,0.0,0.0,9.26086956521739,Player
KL Nagarkoti,0.0,0.0,0.0,0.0,0.0,0.0,9.308108108108108,Player
K Khejroliya,0.0,0.0,0.0,0.0,0.0,0.0,9.326732673267326,Player
KC Cariappa,0.0,0.0,0.0,0.0,0.0,0.0,9.348214285714285,Player
AF Milne,0.0,0.0,0.0,0.0,0.0,0.0,9.373271889400922,Player
Jaskaran Singh,0.0,0.0,0.0,0.0,0.0,0.0,9.405405405405405,Player
GC Viljoen,0.0,0.0,0.0,0.0,0.0,0.0,9.41095890410959,Player
I Udana,0.0,0.0,0.0,0.0,0.0,0.0,9.428571428571429,Player
S Dube,0.0,0.0,0.0,0.0,0.0,0.0,9.513513513513514,Player
B Laughlin,0.0,0.0,0.0,0.0,0.0,0.0,9.5195530726257,Player
S Ladda,0.0,0.0,0.0,0.0,0.0,0.0,9.574468085106382,Player
R Sathish,0.0,0.0,0.0,0.0,0.0,0.0,9.708333333333334,Player
R Shukla,0.0,0.0,0.0,0.0,0.0,0.0,10.015384615384615,Player
TU Deshpande,0.0,0.0,0.0,0.0,0.0,0.0,10.196078431372548,Player
R Parag,0.0,0.0,0.0,0.0,0.0,0.0,10.37037037037037,Player
Akash Deep,0.0,0.0,0.0,0.0,0.0,0.0,10.38655462184874,Player
KJ Abbott,0.0,0.0,0.0,0.0,0.0,0.0,10.705882352941178,Player
S Narwal,0.0,0.0,0.0,0.0,0.0,0.0,10.778761061946902,Player
P Amarnath,0.0,0.0,0.0,0.0,0.0,0.0,10.954545454545453,Player
